<?xml version="1.0" encoding="UTF-8"?>
<Root VersionMajor="1" VersionMinor="15">
  <GenAppInfo Name="Vivado" Version="2023.2" CL="4029153" TimeStamp="Tue Nov  4 22:45:31 2025"/>
  <DSA Vendor="xilinx" BoardId="pynq-z1" Name="" VersionMajor="0" VersionMinor="0" Description="Vivado generated Hardware Platform" FeatureRomTimestamp="0" DcpLogicFunctionStripped="false" DcpEncrypt="false" Unified="true" Fixed="true" DefaultOutputType="hw_export">
    <Build UsesPR="false" PlatformState="pre_synth" AcceleratorBinaryContent="bitstream" ValidBinaryContentValues="dcp,bitstream" TopModuleName="design_1_wrapper"/>
    <Board Name="www.digilentinc.com:pynq-z1:1.0" Vendor="www.digilentinc.com" Part="xc7z020clg400-1" BoardPart="www.digilentinc.com:pynq-z1:part0:1.0">
      <Images>
        <Img Type="HDPI" File="pynq_z1_board.png"/>
        <Img Type="MDPI" File=""/>
        <Img Type="LDPI" File=""/>
      </Images>
    </Board>
    <Devices>
      <Device Name="fpga0" Type="8" FpgaDevice="zynq:xc7z020:clg400:-1">
        <Core Name="OCL_REGION_0" Type="clc_region" ComputeUnits="60"/>
      </Device>
    </Devices>
    <Files>
      <File Type="FULL_BIT" Name="design_1_wrapper.bit"/>
    </Files>
  </DSA>
</Root>
